48,1,"Radas Pizza Ltd",735de5c5-59b5-4404-8ecb-ed19426738f8,Store,BEXLEY,f769f84e-d485-431a-83b8-25a4c9439f62,,,
49,1,"Radas Pizza Ltd",735de5c5-59b5-4404-8ecb-ed19426738f8,Store,SIDCUP,af80640a-1b4a-4908-8f15-cb22dccc7cb9,,,
50,1,"R & D 2 Pizza Limited",e50003df-916e-47ab-908c-68aa8a7f2120,Store,BUXTON,1cbc68d0-ddad-48f1-a24a-25a86b9c2574,null,null,null
51,1,"R & D 2 Pizza Limited",e50003df-916e-47ab-908c-68aa8a7f2120,Store,CASTLEFORD,3eaa8cbd-4f9b-4281-b8ba-d171baf78abd,null,null,null
52,1,"R & D 2 Pizza Limited",e50003df-916e-47ab-908c-68aa8a7f2120,Store,LEEK,5fe60d0a-ee46-46ce-83e3-e2286094785c,null,null,null
53,1,"R & D 2 Pizza Limited",e50003df-916e-47ab-908c-68aa8a7f2120,Store,MORECAMBE,c579b3cb-bfe8-4d44-b3ac-ca942b0f9e19,,,
54,1,"R & D 2 Pizza Limited",e50003df-916e-47ab-908c-68aa8a7f2120,Store,"NORTH OFFICE",8fd3dc7c-aa40-4208-979c-fcdfea30315b,,,
55,1,"R & D 2 Pizza Limited",e50003df-916e-47ab-908c-68aa8a7f2120,Store,PENRITH,5f2a3e31-d545-4e05-94c8-5f8fa6bcc4d9,,,
56,1,"R & D 2 Pizza Limited",e50003df-916e-47ab-908c-68aa8a7f2120,Store,PONTEFRACT,a032a78e-0803-4e48-bec0-d95390be8db8,,,
57,1,"R & D 2 Pizza Limited",e50003df-916e-47ab-908c-68aa8a7f2120,Store,WHITEHAVEN,ade5f81e-164f-4d60-822b-1b85424920bc,,,
58,1,"Fans (UK) Limited",4063dbcd-fa5f-4301-94bd-a764777e9b1b,Store,"HERNE BAY",98ef0e3c-f74b-4c32-913b-e9e6f256f109,null,null,null
59,1,"Fans (UK) Limited",4063dbcd-fa5f-4301-94bd-a764777e9b1b,Store,SHEERNESS,f44d9d5c-fada-439e-a0d5-f5496c858c09,null,null,null
60,1,"Fans (UK) Limited",4063dbcd-fa5f-4301-94bd-a764777e9b1b,Store,SITTINGBOURNE,e110f9b0-c546-440e-94ee-2984ee3f7bbb,null,null,null
61,1,"Fans (UK) Limited",4063dbcd-fa5f-4301-94bd-a764777e9b1b,Store,WHITSTABLE,a6c25b05-8882-444a-b5ef-369e663fa4d0,,,
62,1,"Dhillon Brothers Limited",a2245bc8-b450-4611-8517-e2e34dd74ede,Store,BEXLEYHEATH,3decef06-9233-4815-a7cf-c48ed6fbf7c7,29012,null,DOMBEXHE
63,1,"Dhillon Brothers Limited",a2245bc8-b450-4611-8517-e2e34dd74ede,Store,ERITH,4f2ab3e2-4dc8-4f02-9fbd-a2e6c751eef4,28473,null,DOMERITH
64,1,"Dhillon Brothers Limited",a2245bc8-b450-4611-8517-e2e34dd74ede,Store,THAMESMEAD,a9494845-add1-4901-a198-0048a5590112,28392,null,DOMTMEAD
65,1,"Dhillon Brothers Limited",a2245bc8-b450-4611-8517-e2e34dd74ede,Store,WELLING,c0b95b02-02c2-4142-92e3-18ec9e61d4b0,28108,null,DOMWELL
70,1,"MDJ Investments Limited",0b06aa0c-95c9-43d3-bbb9-5005b1ceda5c,Store,"BEXHILL ON SEA",e0dcdb23-c81e-468d-839f-efe2ad1c262d,,,
71,1,"MDJ Investments Limited",0b06aa0c-95c9-43d3-bbb9-5005b1ceda5c,Store,"BOROUGH GREEN",68c0e2c9-a082-44f1-8684-a5b86d64b5b0,,,
72,1,"MDJ Investments Limited",0b06aa0c-95c9-43d3-bbb9-5005b1ceda5c,Store,CATFORD,90569517-0321-45ac-9bce-6ccfe346d0b9,,,
73,1,"MDJ Investments Limited",0b06aa0c-95c9-43d3-bbb9-5005b1ceda5c,Store,"HITHER GREEN",fb9dd346-70b4-4309-94c7-6566206a175c,,,
74,1,"MDJ Investments Limited",0b06aa0c-95c9-43d3-bbb9-5005b1ceda5c,Store,"HONOR OAK",79065b56-7db0-48bf-a307-c0dfa441da41,,,
75,1,"MDJ Investments Limited",0b06aa0c-95c9-43d3-bbb9-5005b1ceda5c,Store,ORPINGTON,fa50c269-8194-4244-9fab-b47fa61cbb13,,,
76,1,"MDJ Investments Limited",0b06aa0c-95c9-43d3-bbb9-5005b1ceda5c,Store,"ST PAULS CRAY",683d04ac-a5aa-4c42-b385-9e60264f5c22,,,
84,1,"Nij Enterprises Ltd",56e369f0-fef2-4865-80cf-87a911ffed49,Store,"AVERY HILL",d5ff178f-5dc7-43db-b5a7-bb2b3320de4c,29209,null,DOMAVER
85,1,"Nij Enterprises Ltd",56e369f0-fef2-4865-80cf-87a911ffed49,Store,ELTHAM,ebb725ab-bd49-4e69-95eb-8e9ab30872c7,28154,null,DOMELTM
87,1,"Nij Enterprises Ltd",56e369f0-fef2-4865-80cf-87a911ffed49,Store,WOOLWICH,08b91d1d-7e86-4ab8-bccb-5571eaa4fa70,28769,null,DOMWOOL
88,1,"Popat Leisure Limited",75f32fe6-5c86-4a75-b1b1-d1dde6b6ce48,Store,BARMING,03cb4d53-30f4-4d85-b05a-715b830dff69,28472,null,DOMBARM
89,1,"Popat Leisure Limited",75f32fe6-5c86-4a75-b1b1-d1dde6b6ce48,Store,"KINGS HILL",f9360f1f-1c90-4d10-b747-27707a49713b,28597,null,DOMKING
90,1,"Popat Leisure Limited",75f32fe6-5c86-4a75-b1b1-d1dde6b6ce48,Store,LOOSE,1ce2b7ea-fe88-474b-94cf-8d2cebffd31a,28952,null,DOMLOSE
91,1,"Popat Leisure Limited",75f32fe6-5c86-4a75-b1b1-d1dde6b6ce48,Store,MAIDSTONE,2d47d784-f553-4f9f-902c-1b01a5f2b955,28106,null,DOMMAID
92,1,"Popat Leisure Limited",75f32fe6-5c86-4a75-b1b1-d1dde6b6ce48,Store,SNODLAND,8d74de08-6d50-4b80-87c9-70a7d18a7655,29164,null,DOMSNOD
93,1,"Bellam & Co Limited",a57604e7-7d7c-4206-ae8b-a882ff2656c6,Store,BENFLEET,11fa83c1-7ef0-46e4-8b35-e97bd5ddef6e,28882,null,DOMBENF
94,1,"Bellam & Co Limited",a57604e7-7d7c-4206-ae8b-a882ff2656c6,Store,HADLEIGH,7f3fce58-34bd-4a3b-9b6c-d6d9c46eb3d6,28172,null,DOMHADL
95,1,"Bellam & Co Limited",a57604e7-7d7c-4206-ae8b-a882ff2656c6,Store,RAYLEIGH,59efd0e2-7389-4cf1-b872-0b42be21aaca,28616,null,DOMRAYL
96,1,"Nij Enterprises Ltd",56e369f0-fef2-4865-80cf-87a911ffed49,Store,MOTTINGHAM,da4b1ddf-97ce-48da-972f-7df19e2a39e7,28533,null,DOMMOTT
